"species","longitude","latitude"
"Macrochloa tenacissima",-3.558847,40.152168
"Macrochloa tenacissima",-2.136273,36.730511
"Macrochloa tenacissima",-0.964563,39.748992
"Macrochloa tenacissima",-4.339436,39.522972
"Macrochloa tenacissima",-1.957482,36.920021
"Macrochloa tenacissima",-1.093714,38.330055
"Macrochloa tenacissima",-0.962648,39.748553
"Macrochloa tenacissima",-0.965417,39.748828
"Macrochloa tenacissima",-3.324179,40.449224
"Macrochloa tenacissima",-3.0313,37.7357
"Macrochloa tenacissima",-3.518231,40.140268
"Macrochloa tenacissima",-3.328098,40.234492
"Macrochloa tenacissima",-0.098037,38.528044
"Macrochloa tenacissima",-1.450308,37.556579
"Macrochloa tenacissima",-0.45,39.03
"Macrochloa tenacissima",-0.46,39.03
"Macrochloa tenacissima",-0.51,39.05
"Macrochloa tenacissima",-2.856212,36.805008
"Macrochloa tenacissima",-2.85621,36.804966
"Macrochloa tenacissima",-0.898703,38.049857
"Macrochloa tenacissima",-3.364792,40.431744
"Macrochloa tenacissima",-2.04188,36.855142
"Macrochloa tenacissima",-3.118792,40.581367
"Macrochloa tenacissima",-1.705232,38.932245
"Macrochloa tenacissima",-3.401991,37.813114
"Macrochloa tenacissima",-1.377215,38.463199
"Macrochloa tenacissima",-1.417846,37.898776
"Macrochloa tenacissima",-0.69,39.79
"Macrochloa tenacissima",-0.51,39.04
"Macrochloa tenacissima",-1.902368,36.989695
"Macrochloa tenacissima",-1.85092,37.08136
"Macrochloa tenacissima",-2.13622,36.730562
"Macrochloa tenacissima",-0.195278,40.006913
"Macrochloa tenacissima",-3.694783,37.068153
"Macrochloa tenacissima",-3.601322,37.602025
"Macrochloa tenacissima",-1.681677,37.348618
"Macrochloa tenacissima",-2.03915,36.827486
"Macrochloa tenacissima",-0.521813,38.321237
"Macrochloa tenacissima",-2.254275,36.831982
"Macrochloa tenacissima",-2.443631,37.010053
"Macrochloa tenacissima",-0.627579,38.156798
"Macrochloa tenacissima",-2.478787,36.891928
"Macrochloa tenacissima",-3.29512,40.308037
"Macrochloa tenacissima",-2.935232,37.605786
"Macrochloa tenacissima",-2.263189,36.827794
"Macrochloa tenacissima",-0.807145,38.27405
"Macrochloa tenacissima",-3.896503,36.797692
"Macrochloa tenacissima",-2.520502,37.121897
"Macrochloa tenacissima",-2.550993,37.076344
"Macrochloa tenacissima",-1.759592,37.262658
"Macrochloa tenacissima",-4.528395,36.986572
"Macrochloa tenacissima",-1.333858,38.538301
"Macrochloa tenacissima",-8.985808,37.02367
"Macrochloa tenacissima",-0.664532,35.708822
"Macrochloa tenacissima",-1.279925,35.351043
"Macrochloa tenacissima",-3.896572,36.797855
"Macrochloa tenacissima",-0.149025,38.570722
"Macrochloa tenacissima",-0.42,39.03
"Macrochloa tenacissima",-0.49,38.96
"Macrochloa tenacissima",0.854278,40.934106
"Macrochloa tenacissima",-2.854768,36.800623
"Macrochloa tenacissima",-7.704582,37.144668
"Macrochloa tenacissima",-2.663073,36.815536
"Macrochloa tenacissima",-0.281345,38.943753
"Macrochloa tenacissima",-1.483219,37.433243
"Macrochloa tenacissima",-3.085097,40.682233
"Macrochloa tenacissima",-2.663037,36.815548
"Macrochloa tenacissima",0.855309,40.934841
"Macrochloa tenacissima",-2.451176,37.014622
"Macrochloa tenacissima",-0.241869,39.81477
"Macrochloa tenacissima",-3.886787,36.794822
"Macrochloa tenacissima",-0.512737,38.208642
"Macrochloa tenacissima",-1.948758,36.936762
"Macrochloa tenacissima",-0.926287,41.62492
"Macrochloa tenacissima",-1.423139,37.902377
"Macrochloa tenacissima",-8.975703,37.027108
"Macrochloa tenacissima",-2.634822,36.845753
"Macrochloa tenacissima",3.433895,34.521129
"Macrochloa tenacissima",-0.332339,39.387082
"Macrochloa tenacissima",-3.90448,39.985332
"Macrochloa tenacissima",-3.43268,40.2902
"Macrochloa tenacissima",-0.880092,38.031773
"Macrochloa tenacissima",2.723562,33.863538
"Macrochloa tenacissima",-0.93171,38.274416
"Macrochloa tenacissima",-1.710902,37.881214
"Macrochloa tenacissima",-0.820522,38.255225
"Macrochloa tenacissima",-2.16824,36.726649
"Macrochloa tenacissima",-3.035885,40.20117
"Macrochloa tenacissima",-0.822325,38.258837
"Macrochloa tenacissima",-2.085793,37.095638
"Macrochloa tenacissima",-5.371219,36.760396
"Macrochloa tenacissima",-1.169928,38.299582
"Macrochloa tenacissima",-2.038231,38.424919
"Macrochloa tenacissima",-3.439049,40.29143
"Macrochloa tenacissima",-0.055422,38.565089
"Macrochloa tenacissima",-1.833972,37.690173
"Macrochloa tenacissima",-1.414862,37.507941
"Macrochloa tenacissima",-3.439058,40.291419
"Macrochloa tenacissima",-0.708993,38.509666
"Macrochloa tenacissima",-1.182782,37.841982
"Macrochloa tenacissima",-0.779944,38.5088
"Macrochloa tenacissima",-3.328361,40.463806
"Macrochloa tenacissima",-3.439054,40.291422
"Macrochloa tenacissima",6.282952,35.478245
"Macrochloa tenacissima",3.155291,34.643873
"Macrochloa tenacissima",3.150654,34.647301
"Macrochloa tenacissima",-3.439069,40.291422
"Macrochloa tenacissima",-1.426527,37.504274
"Macrochloa tenacissima",-1.736538,37.678102
"Macrochloa tenacissima",-3.273451,40.436674
"Macrochloa tenacissima",-8.763935,37.117329
"Macrochloa tenacissima",-3.382936,40.45332
"Macrochloa tenacissima",-0.511579,38.206687
"Macrochloa tenacissima",-1.910242,36.940803
"Macrochloa tenacissima",-1.429633,37.50409
"Macrochloa tenacissima",-2.827389,36.843369
"Macrochloa tenacissima",-4.060646,39.813975
"Macrochloa tenacissima",-0.790339,38.267301
"Macrochloa tenacissima",-1.17,39.33
"Macrochloa tenacissima",-0.499174,39.528202
"Macrochloa tenacissima",-1.238783,38.422824
"Macrochloa tenacissima",-2.521727,36.965631
"Macrochloa tenacissima",-2.036686,36.857012
"Macrochloa tenacissima",-3.630508,40.252413
"Macrochloa tenacissima",-2.07589,36.801244
"Macrochloa tenacissima",-4.011327,39.84781
"Macrochloa tenacissima",-3.61255,40.268662
"Macrochloa tenacissima",-4.322292,37.25807
"Macrochloa tenacissima",-0.576862,38.248845
"Macrochloa tenacissima",-0.576628,38.250192
"Macrochloa tenacissima",-0.416507,38.355171
"Macrochloa tenacissima",-3.633305,40.252572
"Macrochloa tenacissima",0.580673,41.498737
"Macrochloa tenacissima",-3.632567,40.252358
"Macrochloa tenacissima",-4.332438,37.326492
"Macrochloa tenacissima",-4.354662,37.335767
"Macrochloa tenacissima",-4.358047,37.326588
"Macrochloa tenacissima",3.734309,34.897019
"Macrochloa tenacissima",-1.453901,37.880373
"Macrochloa tenacissima",-1.454604,37.880773
"Macrochloa tenacissima",-2.115678,36.755295
"Macrochloa tenacissima",-3.631517,37.675738
"Macrochloa tenacissima",-3.618823,40.287941
"Macrochloa tenacissima",-0.87375,37.587605
"Macrochloa tenacissima",-3.500652,40.364148
"Macrochloa tenacissima",-0.763221,37.834578
"Macrochloa tenacissima",-3.598614,40.019586
"Macrochloa tenacissima",-3.59805,40.019229
"Macrochloa tenacissima",-3.039831,40.061428
"Macrochloa tenacissima",-3.588584,40.833125
"Macrochloa tenacissima",-2.467833,36.980785
"Macrochloa tenacissima",-3.266966,40.508084
"Macrochloa tenacissima",-2.157693,36.729808
"Macrochloa tenacissima",-0.528592,38.247085
"Macrochloa tenacissima",-0.526369,38.245239
"Macrochloa tenacissima",-0.525775,38.244656
"Macrochloa tenacissima",-0.514591,39.872555
"Macrochloa tenacissima",-3.189839,38.977782
"Macrochloa tenacissima",-2.117919,36.752145
"Macrochloa tenacissima",-1.571971,37.450029
"Macrochloa tenacissima",-1.636411,37.526707
"Macrochloa tenacissima",-3.299331,40.484416
"Macrochloa tenacissima",-3.505856,40.351372
"Macrochloa tenacissima",-0.533235,38.254506
"Macrochloa tenacissima",-0.702642,38.073592
"Macrochloa tenacissima",-3.465744,40.318121
"Macrochloa tenacissima",-0.140868,38.566168
"Macrochloa tenacissima",-0.74,37.94
"Macrochloa tenacissima",-2.083615,36.800938
"Macrochloa tenacissima",0.22272,38.761074
"Macrochloa tenacissima",-0.773571,35.273118
"Macrochloa tenacissima",-0.984852,37.602367
"Macrochloa tenacissima",-4.563691,37.009129
"Macrochloa tenacissima",-2.430281,37.021228
"Macrochloa tenacissima",-4.550392,37.010725
"Macrochloa tenacissima",-2.654657,37.530669
"Macrochloa tenacissima",-2.429042,37.021522
"Macrochloa tenacissima",-0.319075,39.34134
"Macrochloa tenacissima",-0.640825,39.135092
"Macrochloa tenacissima",-0.779359,35.267277
"Macrochloa tenacissima",-3.013662,36.872409
"Macrochloa tenacissima",-3.70056,40.039767
"Macrochloa tenacissima",-3.7004,40.034787
"Macrochloa tenacissima",-3.906399,39.98694
"Macrochloa tenacissima",-3.438053,40.286555
"Macrochloa tenacissima",-3.519953,37.128144
"Macrochloa tenacissima",-3.902111,39.987274
"Macrochloa tenacissima",-0.518735,38.32357
"Macrochloa tenacissima",-3.428758,40.239964
"Macrochloa tenacissima",-0.515893,38.32502
"Macrochloa tenacissima",-0.51986,38.326197
"Macrochloa tenacissima",-3.515031,37.129917
"Macrochloa tenacissima",-2.439418,37.012523
"Macrochloa tenacissima",-3.429438,40.240587
"Macrochloa tenacissima",-3.429175,40.243022
"Macrochloa tenacissima",-1.011746,37.601746
"Macrochloa tenacissima",-0.474748,38.458173
"Macrochloa tenacissima",-0.115467,38.835945
"Macrochloa tenacissima",-3.521885,40.0743
